id_impianto,comune,provincia,kwp,anno_allaccio,lat,lon
FV001,Milano,MI,20.0,2023,45.4531,9.1853
FV002,Bergamo,BG,20.0,2024,45.6988,9.6744
FV003,Brescia,BS,3.0,2023,45.5431,10.2265
FV004,Como,CO,6.0,2019,45.8057,9.087
FV005,Cremona,CR,4.5,2011,45.1157,10.026
FV006,Lecco,LC,4.5,2013,45.8413,9.4063
FV007,Lodi,LO,4.5,2017,45.3034,9.5001
FV008,Mantova,MN,99.0,2016,45.1622,10.8087
FV009,Monza,MB,4.5,2017,45.6019,9.2788
FV010,Pavia,PV,20.0,2019,45.1817,9.1589
FV011,Sondrio,SO,4.5,2013,46.1581,9.8791
FV012,Varese,VA,50.0,2022,45.8213,8.8368
FV013,Busto Arsizio,VA,3.0,2020,45.6193,8.8341
FV014,Legnano,MI,3.0,2021,45.586,8.91
FV015,Vigevano,PV,6.0,2017,45.3079,8.8443
FV016,Crema,CR,4.5,2022,45.3495,9.6801
FV017,Treviglio,BG,10.0,2013,45.5338,9.5988
FV018,Desenzano del Garda,BS,6.0,2013,45.4728,10.5366
FV019,Rho,MI,20.0,2018,45.5111,9.0346
FV020,Gallarate,VA,3.0,2018,45.6448,8.8066
FV021,Saronno,VA,10.0,2021,45.6203,9.0443
FV022,Voghera,PV,4.5,2017,44.9948,9.012
FV023,Abbiategrasso,MI,4.5,2022,45.3974,8.9168
FV024,Cantù,CO,3.0,2016,45.7475,9.1202
FV025,Lissone,MB,4.5,2012,45.6042,9.2338
FV026,Cernusco sul Naviglio,MI,20.0,2021,45.532,9.3351
FV027,Rozzano,MI,200.0,2011,45.3912,9.162
FV028,Segrate,MI,50.0,2021,45.4892,9.2778
FV029,Chiari,BS,6.0,2011,45.5372,9.9437
FV030,Suzzara,MN,20.0,2021,44.9792,10.729
FV031,Milano,MI,6.0,2011,45.4694,9.1928
FV032,Bergamo,BG,3.0,2015,45.6752,9.6778
FV033,Brescia,BS,4.5,2022,45.5486,10.2132
FV034,Como,CO,3.0,2023,45.8104,9.0905
FV035,Cremona,CR,4.5,2017,45.1353,10.0309
FV036,Lecco,LC,50.0,2013,45.8618,9.395
FV037,Lodi,LO,3.0,2013,45.294,9.4904
FV038,Mantova,MN,4.5,2011,45.1331,10.7846
FV039,Monza,MB,20.0,2025,45.5865,9.2853
FV040,Pavia,PV,20.0,2024,45.184,9.1717
