pod;cliente;data;fascia;kwh
IT001E12345678;Caffè del Corso;01/01/2025;F1;1260,6
IT001E12345678;Caffè del Corso;01/01/2025;F2;786,6
IT001E12345678;Caffè del Corso;01/01/2025;F3;677,5
IT001E12345678;Caffè del Corso;01/02/2025;F1;1151,3
IT001E12345678;Caffè del Corso;01/02/2025;F2;746,7
IT001E12345678;Caffè del Corso;01/02/2025;F3;633,2
IT001E12345678;Caffè del Corso;01/03/2025;F1;1008,1
IT001E12345678;Caffè del Corso;01/03/2025;F2;694,7
IT001E12345678;Caffè del Corso;01/03/2025;F3;550,6
IT001E12345678;Caffè del Corso;01/04/2025;F1;1005,9
IT001E12345678;Caffè del Corso;01/04/2025;F2;678,9
IT001E12345678;Caffè del Corso;01/04/2025;F3;543,5
IT001E12345678;Caffè del Corso;01/05/2025;F1;927,1
IT001E12345678;Caffè del Corso;01/05/2025;F2;611,2
IT001E12345678;Caffè del Corso;01/05/2025;F3;480,4
IT001E12345678;Caffè del Corso;01/06/2025;F1;692,1
IT001E12345678;Caffè del Corso;01/06/2025;F2;466,7
IT001E12345678;Caffè del Corso;01/06/2025;F3;410,2
IT001E12345678;Caffè del Corso;01/07/2025;F1;767,3
IT001E12345678;Caffè del Corso;01/07/2025;F2;480,2
IT001E12345678;Caffè del Corso;01/07/2025;F3;402,0
IT001E12345678;Caffè del Corso;01/08/2025;F1;703,0
IT001E12345678;Caffè del Corso;01/08/2025;F2;465,8
IT001E12345678;Caffè del Corso;01/08/2025;F3;402,1
IT001E12345678;Caffè del Corso;01/09/2025;F1;783,8
IT001E12345678;Caffè del Corso;01/09/2025;F2;510,6
IT001E12345678;Caffè del Corso;01/09/2025;F3;442,4
IT001E12345678;Caffè del Corso;01/10/2025;F1;950,9
IT001E12345678;Caffè del Corso;01/10/2025;F2;667,5
IT001E12345678;Caffè del Corso;01/10/2025;F3;554,8
IT001E12345678;Caffè del Corso;01/11/2025;F1;1002,9
IT001E12345678;Caffè del Corso;01/11/2025;F2;695,5
IT001E12345678;Caffè del Corso;01/11/2025;F3;548,7
IT001E12345678;Caffè del Corso;01/12/2025;F1;1012,9
IT001E12345678;Caffè del Corso;01/12/2025;F2;730,7
IT001E12345678;Caffè del Corso;01/12/2025;F3;601,7
IT001E23456789;Lavanderia Più;01/01/2025;F1;863,2
IT001E23456789;Lavanderia Più;01/01/2025;F2;557,5
IT001E23456789;Lavanderia Più;01/01/2025;F3;469,7
IT001E23456789;Lavanderia Più;01/02/2025;F1;700,3
IT001E23456789;Lavanderia Più;01/02/2025;F2;493,8
IT001E23456789;Lavanderia Più;01/02/2025;F3;403,5
IT001E23456789;Lavanderia Più;01/03/2025;F1;754,9
IT001E23456789;Lavanderia Più;01/03/2025;F2;496,8
IT001E23456789;Lavanderia Più;01/03/2025;F3;410,7
IT001E23456789;Lavanderia Più;01/04/2025;F1;640,1
IT001E23456789;Lavanderia Più;01/04/2025;F2;414,8
IT001E23456789;Lavanderia Più;01/04/2025;F3;360,4
IT001E23456789;Lavanderia Più;01/05/2025;F1;527,5
IT001E23456789;Lavanderia Più;01/05/2025;F2;367,4
IT001E23456789;Lavanderia Più;01/05/2025;F3;287,9
IT001E23456789;Lavanderia Più;01/06/2025;F1;450,8
IT001E23456789;Lavanderia Più;01/06/2025;F2;300,9
IT001E23456789;Lavanderia Più;01/06/2025;F3;260,2
IT001E23456789;Lavanderia Più;01/07/2025;F1;503,3
IT001E23456789;Lavanderia Più;01/07/2025;F2;331,7
IT001E23456789;Lavanderia Più;01/07/2025;F3;269,4
IT001E23456789;Lavanderia Più;01/08/2025;F1;519,4
IT001E23456789;Lavanderia Più;01/08/2025;F2;341,1
IT001E23456789;Lavanderia Più;01/08/2025;F3;286,3
IT001E23456789;Lavanderia Più;01/09/2025;F1;587,4
IT001E23456789;Lavanderia Più;01/09/2025;F2;379,8
IT001E23456789;Lavanderia Più;01/09/2025;F3;327,6
IT001E23456789;Lavanderia Più;01/10/2025;F1;612,2
IT001E23456789;Lavanderia Più;01/10/2025;F2;398,1
IT001E23456789;Lavanderia Più;01/10/2025;F3;329,6
IT001E23456789;Lavanderia Più;01/11/2025;F1;706,2
IT001E23456789;Lavanderia Più;01/11/2025;F2;458,3
IT001E23456789;Lavanderia Più;01/11/2025;F3;371,3
IT001E23456789;Lavanderia Più;01/12/2025;F1;758,5
IT001E23456789;Lavanderia Più;01/12/2025;F2;503,1
IT001E23456789;Lavanderia Più;01/12/2025;F3;410,8
IT001E34567890;Società Agricola Verdi;01/01/2025;F1;1252,5
IT001E34567890;Società Agricola Verdi;01/01/2025;F2;819,8
IT001E34567890;Società Agricola Verdi;01/01/2025;F3;679,1
IT001E34567890;Società Agricola Verdi;01/02/2025;F1;1181,6
IT001E34567890;Società Agricola Verdi;01/02/2025;F2;773,5
IT001E34567890;Società Agricola Verdi;01/02/2025;F3;698,8
IT001E34567890;Società Agricola Verdi;01/03/2025;F1;1086,3
IT001E34567890;Società Agricola Verdi;01/03/2025;F2;731,9
IT001E34567890;Società Agricola Verdi;01/03/2025;F3;626,9
IT001E34567890;Società Agricola Verdi;01/04/2025;F1;972,7
IT001E34567890;Società Agricola Verdi;01/04/2025;F2;642,3
IT001E34567890;Società Agricola Verdi;01/04/2025;F3;533,2
IT001E34567890;Società Agricola Verdi;01/05/2025;F1;877,7
IT001E34567890;Società Agricola Verdi;01/05/2025;F2;582,6
IT001E34567890;Società Agricola Verdi;01/05/2025;F3;488,7
IT001E34567890;Società Agricola Verdi;01/06/2025;F1;715,2
IT001E34567890;Società Agricola Verdi;01/06/2025;F2;458,8
IT001E34567890;Società Agricola Verdi;01/06/2025;F3;400,5
IT001E34567890;Società Agricola Verdi;01/07/2025;F1;701,6
IT001E34567890;Società Agricola Verdi;01/07/2025;F2;465,7
IT001E34567890;Società Agricola Verdi;01/07/2025;F3;407,7
IT001E34567890;Società Agricola Verdi;01/08/2025;F1;766,1
IT001E34567890;Società Agricola Verdi;01/08/2025;F2;493,9
IT001E34567890;Società Agricola Verdi;01/08/2025;F3;402,0
IT001E34567890;Società Agricola Verdi;01/09/2025;F1;851,9
IT001E34567890;Società Agricola Verdi;01/09/2025;F2;623,7
IT001E34567890;Società Agricola Verdi;01/09/2025;F3;496,1
IT001E34567890;Società Agricola Verdi;01/10/2025;F1;1016,6
IT001E34567890;Società Agricola Verdi;01/10/2025;F2;706,3
IT001E34567890;Società Agricola Verdi;01/10/2025;F3;588,8
IT001E34567890;Società Agricola Verdi;01/11/2025;F1;1237,3
IT001E34567890;Società Agricola Verdi;01/11/2025;F2;816,8
IT001E34567890;Società Agricola Verdi;01/11/2025;F3;666,6
IT001E34567890;Società Agricola Verdi;01/12/2025;F1;1182,8
IT001E34567890;Società Agricola Verdi;01/12/2025;F2;782,1
IT001E34567890;Società Agricola Verdi;01/12/2025;F3;624,4
IT001E45678901;Panificio Rè;01/01/2025;F1;1199,2
IT001E45678901;Panificio Rè;01/01/2025;F2;741,3
IT001E45678901;Panificio Rè;01/01/2025;F3;644,3
IT001E45678901;Panificio Rè;01/02/2025;F1;988,0
IT001E45678901;Panificio Rè;01/02/2025;F2;633,4
IT001E45678901;Panificio Rè;01/02/2025;F3;548,2
IT001E45678901;Panificio Rè;01/03/2025;F1;1046,1
IT001E45678901;Panificio Rè;01/03/2025;F2;652,5
IT001E45678901;Panificio Rè;01/03/2025;F3;589,5
IT001E45678901;Panificio Rè;01/04/2025;F1;781,6
IT001E45678901;Panificio Rè;01/04/2025;F2;549,3
IT001E45678901;Panificio Rè;01/04/2025;F3;449,4
IT001E45678901;Panificio Rè;01/05/2025;F1;832,9
IT001E45678901;Panificio Rè;01/05/2025;F2;528,8
IT001E45678901;Panificio Rè;01/05/2025;F3;469,2
IT001E45678901;Panificio Rè;01/06/2025;F1;651,3
IT001E45678901;Panificio Rè;01/06/2025;F2;423,0
IT001E45678901;Panificio Rè;01/06/2025;F3;377,0
IT001E45678901;Panificio Rè;01/07/2025;F1;5785,2
IT001E45678901;Panificio Rè;01/07/2025;F2;401,4
IT001E45678901;Panificio Rè;01/07/2025;F3;353,3
IT001E45678901;Panificio Rè;01/08/2025;F1;750,1
IT001E45678901;Panificio Rè;01/08/2025;F2;507,0
IT001E45678901;Panificio Rè;01/08/2025;F3;422,6
IT001E45678901;Panificio Rè;01/09/2025;F1;746,8
IT001E45678901;Panificio Rè;01/09/2025;F2;521,0
IT001E45678901;Panificio Rè;01/09/2025;F3;429,5
IT001E45678901;Panificio Rè;01/10/2025;F1;810,1
IT001E45678901;Panificio Rè;01/10/2025;F2;576,8
IT001E45678901;Panificio Rè;01/10/2025;F3;457,9
IT001E45678901;Panificio Rè;01/11/2025;F1;1032,2
IT001E45678901;Panificio Rè;01/11/2025;F2;679,8
IT001E45678901;Panificio Rè;01/11/2025;F3;608,2
IT001E45678901;Panificio Rè;01/12/2025;F1;949,3
IT001E45678901;Panificio Rè;01/12/2025;F2;660,3
IT001E45678901;Panificio Rè;01/12/2025;F3;565,3
IT001E56789012;Officina Meccanica Fumagalli;01/01/2025;F1;403,7
IT001E56789012;Officina Meccanica Fumagalli;01/01/2025;F2;282,0
IT001E56789012;Officina Meccanica Fumagalli;01/01/2025;F3;239,4
IT001E56789012;Officina Meccanica Fumagalli;01/02/2025;F1;411,3
IT001E56789012;Officina Meccanica Fumagalli;01/02/2025;F2;270,5
IT001E56789012;Officina Meccanica Fumagalli;01/02/2025;F3;230,5
IT001E56789012;Officina Meccanica Fumagalli;01/03/2025;F1;371,8
IT001E56789012;Officina Meccanica Fumagalli;01/03/2025;F2;234,3
IT001E56789012;Officina Meccanica Fumagalli;01/03/2025;F3;203,1
IT001E56789012;Officina Meccanica Fumagalli;01/04/2025;F1;367,1
IT001E56789012;Officina Meccanica Fumagalli;01/04/2025;F2;235,5
IT001E56789012;Officina Meccanica Fumagalli;01/04/2025;F3;208,5
IT001E56789012;Officina Meccanica Fumagalli;01/05/2025;F1;327,6
IT001E56789012;Officina Meccanica Fumagalli;01/05/2025;F2;205,4
IT001E56789012;Officina Meccanica Fumagalli;01/05/2025;F3;171,0
IT001E56789012;Officina Meccanica Fumagalli;01/06/2025;F1;295,1
IT001E56789012;Officina Meccanica Fumagalli;01/06/2025;F2;194,8
IT001E56789012;Officina Meccanica Fumagalli;01/06/2025;F3;165,4
IT001E56789012;Officina Meccanica Fumagalli;01/07/2025;F1;283,8
IT001E56789012;Officina Meccanica Fumagalli;01/07/2025;F2;177,1
IT001E56789012;Officina Meccanica Fumagalli;01/07/2025;F3;157,2
IT001E56789012;Officina Meccanica Fumagalli;01/08/2025;F1;249,9
IT001E56789012;Officina Meccanica Fumagalli;01/08/2025;F2;167,9
IT001E56789012;Officina Meccanica Fumagalli;01/08/2025;F3;132,6
IT001E56789012;Officina Meccanica Fumagalli;01/09/2025;F1;282,3
IT001E56789012;Officina Meccanica Fumagalli;01/09/2025;F2;198,6
IT001E56789012;Officina Meccanica Fumagalli;01/09/2025;F3;159,7
IT001E56789012;Officina Meccanica Fumagalli;01/10/2025;F1;392,5
IT001E56789012;Officina Meccanica Fumagalli;01/10/2025;F2;253,1
IT001E56789012;Officina Meccanica Fumagalli;01/10/2025;F3;217,6
IT001E56789012;Officina Meccanica Fumagalli;01/11/2025;F1;342,4
IT001E56789012;Officina Meccanica Fumagalli;01/11/2025;F2;245,4
IT001E56789012;Officina Meccanica Fumagalli;01/11/2025;F3;203,8
IT001E56789012;Officina Meccanica Fumagalli;01/12/2025;F1;404,9
IT001E56789012;Officina Meccanica Fumagalli;01/12/2025;F2;271,9
IT001E56789012;Officina Meccanica Fumagalli;01/12/2025;F3;232,5
IT001E67890123;Studio Dentistico Colombo;01/01/2025;F1;1396,3
IT001E67890123;Studio Dentistico Colombo;01/01/2025;F2;927,3
IT001E67890123;Studio Dentistico Colombo;01/01/2025;F3;776,8
IT001E67890123;Studio Dentistico Colombo;01/02/2025;F1;1434,9
IT001E67890123;Studio Dentistico Colombo;01/02/2025;F2;918,4
IT001E67890123;Studio Dentistico Colombo;01/02/2025;F3;749,5
IT001E67890123;Studio Dentistico Colombo;01/03/2025;F1;1205,7
IT001E67890123;Studio Dentistico Colombo;01/03/2025;F2;809,3
IT001E67890123;Studio Dentistico Colombo;01/03/2025;F3;627,9
IT001E67890123;Studio Dentistico Colombo;01/04/2025;F1;1018,0
IT001E67890123;Studio Dentistico Colombo;01/04/2025;F2;648,5
IT001E67890123;Studio Dentistico Colombo;01/04/2025;F3;578,4
IT001E67890123;Studio Dentistico Colombo;01/05/2025;F1;896,4
IT001E67890123;Studio Dentistico Colombo;01/05/2025;F2;645,7
IT001E67890123;Studio Dentistico Colombo;01/05/2025;F3;499,1
IT001E67890123;Studio Dentistico Colombo;01/06/2025;F1;799,2
IT001E67890123;Studio Dentistico Colombo;01/06/2025;F2;530,7
IT001E67890123;Studio Dentistico Colombo;01/06/2025;F3;437,9
IT001E67890123;Studio Dentistico Colombo;01/07/2025;F1;729,9
IT001E67890123;Studio Dentistico Colombo;01/07/2025;F2;480,5
IT001E67890123;Studio Dentistico Colombo;01/07/2025;F3;423,0
IT001E67890123;Studio Dentistico Colombo;01/08/2025;F1;886,8
IT001E67890123;Studio Dentistico Colombo;01/08/2025;F2;586,7
IT001E67890123;Studio Dentistico Colombo;01/08/2025;F3;498,2
IT001E67890123;Studio Dentistico Colombo;01/09/2025;F1;1075,1
IT001E67890123;Studio Dentistico Colombo;01/09/2025;F2;660,8
IT001E67890123;Studio Dentistico Colombo;01/09/2025;F3;558,6
IT001E67890123;Studio Dentistico Colombo;01/10/2025;F1;1019,8
IT001E67890123;Studio Dentistico Colombo;01/10/2025;F2;702,3
IT001E67890123;Studio Dentistico Colombo;01/10/2025;F3;576,3
IT001E67890123;Studio Dentistico Colombo;01/11/2025;F1;1115,9
IT001E67890123;Studio Dentistico Colombo;01/11/2025;F2;755,3
IT001E67890123;Studio Dentistico Colombo;01/11/2025;F3;602,9
IT001E67890123;Studio Dentistico Colombo;01/12/2025;F1;1368,6
IT001E67890123;Studio Dentistico Colombo;01/12/2025;F2;995,8
IT001E67890123;Studio Dentistico Colombo;01/12/2025;F3;764,1
