timestamp,zona,eur_mwh
2025-06-02 00:00,NORD,78.99
2025-06-02 01:00,NORD,80.68
2025-06-02 02:00,NORD,83.66
2025-06-02 03:00,NORD,84.61
2025-06-02 04:00,NORD,94.63
2025-06-02 05:00,NORD,110.19
2025-06-02 06:00,NORD,97.89
2025-06-02 07:00,NORD,112.77
2025-06-02 08:00,NORD,114.46
2025-06-02 09:00,NORD,124.99
2025-06-02 10:00,NORD,126.84
2025-06-02 11:00,NORD,132.2
2025-06-02 12:00,NORD,134.7
2025-06-02 13:00,NORD,129.92
2025-06-02 14:00,NORD,131.18
2025-06-02 15:00,NORD,113.3
2025-06-02 16:00,NORD,123.86
2025-06-02 17:00,NORD,120.97
2025-06-02 18:00,NORD,117.31
2025-06-02 19:00,NORD,101.65
2025-06-02 20:00,NORD,97.18
2025-06-02 21:00,NORD,95.91
2025-06-02 22:00,NORD,83.28
2025-06-02 23:00,NORD,81.98
2025-06-03 00:00,NORD,84.34
2025-06-03 01:00,NORD,73.79
2025-06-03 02:00,NORD,87.24
2025-06-03 03:00,NORD,87.36
2025-06-03 04:00,NORD,91.68
2025-06-03 05:00,NORD,92.65
2025-06-03 06:00,NORD,107.01
2025-06-03 07:00,NORD,101.81
2025-06-03 08:00,NORD,120.09
2025-06-03 09:00,NORD,116.71
2025-06-03 10:00,NORD,126.86
2025-06-03 11:00,NORD,128.67
2025-06-03 12:00,NORD,134.68
2025-06-03 13:00,NORD,128.43
2025-06-03 14:00,NORD,123.87
2025-06-03 15:00,NORD,120.65
2025-06-03 16:00,NORD,122.59
2025-06-03 17:00,NORD,121.62
2025-06-03 18:00,NORD,111.46
2025-06-03 19:00,NORD,105.58
2025-06-03 20:00,NORD,94.23
2025-06-03 21:00,NORD,96.88
2025-06-03 22:00,NORD,76.31
2025-06-03 23:00,NORD,83.86
2025-06-04 00:00,NORD,80.51
2025-06-04 01:00,NORD,90.4
2025-06-04 02:00,NORD,78.95
2025-06-04 03:00,NORD,86.91
2025-06-04 04:00,NORD,99.69
2025-06-04 05:00,NORD,103.3
2025-06-04 06:00,NORD,102.22
2025-06-04 07:00,NORD,112.37
2025-06-04 08:00,NORD,117.51
2025-06-04 09:00,NORD,123.81
2025-06-04 10:00,NORD,123.86
2025-06-04 11:00,NORD,128.79
2025-06-04 12:00,NORD,123.61
2025-06-04 13:00,NORD,129.69
2025-06-04 16:00,NORD,111.04
2025-06-04 17:00,NORD,123.42
2025-06-04 18:00,NORD,114.46
2025-06-04 19:00,NORD,103.63
2025-06-04 20:00,NORD,99.38
2025-06-04 21:00,NORD,89.32
2025-06-04 22:00,NORD,79.25
2025-06-04 23:00,NORD,78.7
2025-06-05 00:00,NORD,84.91
2025-06-05 01:00,NORD,78.29
2025-06-05 02:00,NORD,85.91
2025-06-05 03:00,NORD,85.17
2025-06-05 04:00,NORD,93.49
2025-06-05 05:00,NORD,97.96
2025-06-05 06:00,NORD,108.49
2025-06-05 07:00,NORD,109.33
2025-06-05 08:00,NORD,111.21
2025-06-05 09:00,NORD,117.15
2025-06-05 10:00,NORD,124.52
2025-06-05 11:00,NORD,124.15
2025-06-05 12:00,NORD,131.64
2025-06-05 13:00,NORD,127.29
2025-06-05 14:00,NORD,136.15
2025-06-05 15:00,NORD,115.73
2025-06-05 16:00,NORD,118.31
2025-06-05 17:00,NORD,114.96
2025-06-05 18:00,NORD,111.03
2025-06-05 19:00,NORD,107.1
2025-06-05 20:00,NORD,91.2
2025-06-05 21:00,NORD,96.27
2025-06-05 22:00,NORD,90.96
2025-06-05 23:00,NORD,79.04
2025-06-06 00:00,NORD,81.04
2025-06-06 01:00,NORD,84.95
2025-06-06 02:00,NORD,82.69
2025-06-06 03:00,NORD,85.0
2025-06-06 04:00,NORD,83.4
2025-06-06 05:00,NORD,101.09
2025-06-06 06:00,NORD,104.55
2025-06-06 07:00,NORD,107.42
2025-06-06 08:00,NORD,118.01
2025-06-06 09:00,NORD,120.34
2025-06-06 10:00,NORD,124.54
2025-06-06 11:00,NORD,131.57
2025-06-06 12:00,NORD,124.65
2025-06-06 13:00,NORD,133.34
2025-06-06 14:00,NORD,121.06
2025-06-06 15:00,NORD,120.03
2025-06-06 16:00,NORD,125.19
2025-06-06 17:00,NORD,123.98
2025-06-06 18:00,NORD,113.39
2025-06-06 19:00,NORD,102.77
2025-06-06 20:00,NORD,98.38
2025-06-06 21:00,NORD,95.62
2025-06-06 22:00,NORD,83.5
2025-06-06 23:00,NORD,80.49
2025-06-07 00:00,NORD,64.88
2025-06-07 01:00,NORD,64.99
2025-06-07 02:00,NORD,62.58
2025-06-07 03:00,NORD,70.26
2025-06-07 04:00,NORD,81.16
2025-06-07 05:00,NORD,78.06
2025-06-07 06:00,NORD,89.24
2025-06-07 07:00,NORD,93.19
2025-06-07 08:00,NORD,102.95
2025-06-07 09:00,NORD,106.12
2025-06-07 10:00,NORD,117.56
2025-06-07 11:00,NORD,116.17
2025-06-07 12:00,NORD,109.75
2025-06-07 13:00,NORD,116.83
2025-06-07 14:00,NORD,108.55
2025-06-07 15:00,NORD,105.37
2025-06-07 16:00,NORD,103.76
2025-06-07 17:00,NORD,102.5
2025-06-07 18:00,NORD,101.57
2025-06-07 19:00,NORD,88.43
2025-06-07 20:00,NORD,83.02
2025-06-07 21:00,NORD,77.7
2025-06-07 22:00,NORD,66.09
2025-06-07 23:00,NORD,70.25
2025-06-08 00:00,NORD,67.52
2025-06-08 01:00,NORD,72.69
2025-06-08 02:00,NORD,77.42
2025-06-08 03:00,NORD,68.2
2025-06-08 04:00,NORD,77.78
2025-06-08 05:00,NORD,78.82
2025-06-08 06:00,NORD,86.89
2025-06-08 07:00,NORD,93.95
2025-06-08 08:00,NORD,98.27
2025-06-08 09:00,NORD,103.47
2025-06-08 10:00,NORD,111.07
2025-06-08 11:00,NORD,109.28
2025-06-08 12:00,NORD,118.37
2025-06-08 13:00,NORD,110.48
2025-06-08 14:00,NORD,122.89
2025-06-08 15:00,NORD,105.87
2025-06-08 16:00,NORD,102.79
2025-06-08 17:00,NORD,99.29
2025-06-08 18:00,NORD,104.82
2025-06-08 19:00,NORD,96.01
2025-06-08 20:00,NORD,86.69
2025-06-08 21:00,NORD,74.94
2025-06-08 22:00,NORD,69.19
2025-06-08 23:00,NORD,61.37
2025-06-02 00:00,CNOR,87.85
2025-06-02 01:00,CNOR,86.09
2025-06-02 02:00,CNOR,85.73
2025-06-02 03:00,CNOR,79.58
2025-06-02 04:00,CNOR,90.57
2025-06-02 05:00,CNOR,103.28
2025-06-02 06:00,CNOR,111.85
2025-06-02 07:00,CNOR,117.91
2025-06-02 08:00,CNOR,113.13
2025-06-02 09:00,CNOR,125.88
2025-06-02 10:00,CNOR,132.71
2025-06-02 11:00,CNOR,124.51
2025-06-02 12:00,CNOR,131.97
2025-06-02 13:00,CNOR,132.24
2025-06-02 14:00,CNOR,127.45
2025-06-02 15:00,CNOR,117.27
2025-06-02 16:00,CNOR,118.2
2025-06-02 17:00,CNOR,120.16
2025-06-02 18:00,CNOR,114.41
2025-06-02 19:00,CNOR,106.28
2025-06-02 20:00,CNOR,100.73
2025-06-02 21:00,CNOR,97.16
2025-06-02 22:00,CNOR,87.12
2025-06-02 23:00,CNOR,81.63
2025-06-03 00:00,CNOR,80.36
2025-06-03 01:00,CNOR,83.22
2025-06-03 02:00,CNOR,77.67
2025-06-03 03:00,CNOR,91.23
2025-06-03 04:00,CNOR,94.5
2025-06-03 05:00,CNOR,100.69
2025-06-03 06:00,CNOR,110.84
2025-06-03 07:00,CNOR,105.66
2025-06-03 08:00,CNOR,111.6
2025-06-03 09:00,CNOR,125.77
2025-06-03 10:00,CNOR,128.62
2025-06-03 11:00,CNOR,131.83
2025-06-03 12:00,CNOR,130.15
2025-06-03 13:00,CNOR,133.81
2025-06-03 14:00,CNOR,132.38
2025-06-03 15:00,CNOR,126.61
2025-06-03 16:00,CNOR,118.46
2025-06-03 17:00,CNOR,113.04
2025-06-03 18:00,CNOR,118.08
2025-06-03 19:00,CNOR,113.42
2025-06-03 20:00,CNOR,105.08
2025-06-03 21:00,CNOR,93.8
2025-06-03 22:00,CNOR,88.04
2025-06-03 23:00,CNOR,86.29
2025-06-04 00:00,CNOR,88.24
2025-06-04 01:00,CNOR,79.35
2025-06-04 02:00,CNOR,84.44
2025-06-04 03:00,CNOR,92.31
2025-06-04 04:00,CNOR,94.73
2025-06-04 05:00,CNOR,96.06
2025-06-04 06:00,CNOR,108.66
2025-06-04 07:00,CNOR,115.79
2025-06-04 08:00,CNOR,119.85
2025-06-04 09:00,CNOR,125.56
2025-06-04 10:00,CNOR,127.62
2025-06-04 11:00,CNOR,137.06
2025-06-04 12:00,CNOR,128.4
2025-06-04 13:00,CNOR,128.8
2025-06-04 14:00,CNOR,128.69
2025-06-04 15:00,CNOR,128.19
2025-06-04 16:00,CNOR,113.51
2025-06-04 17:00,CNOR,116.23
2025-06-04 18:00,CNOR,106.85
2025-06-04 19:00,CNOR,108.66
2025-06-04 20:00,CNOR,98.03
2025-06-04 21:00,CNOR,95.78
2025-06-04 22:00,CNOR,87.99
2025-06-04 23:00,CNOR,80.29
2025-06-05 00:00,CNOR,82.93
2025-06-05 01:00,CNOR,81.65
2025-06-05 02:00,CNOR,88.04
2025-06-05 03:00,CNOR,91.22
2025-06-05 04:00,CNOR,91.73
2025-06-05 05:00,CNOR,99.85
2025-06-05 06:00,CNOR,111.17
2025-06-05 07:00,CNOR,115.04
2025-06-05 08:00,CNOR,113.91
2025-06-05 09:00,CNOR,127.3
2025-06-05 10:00,CNOR,124.31
2025-06-05 11:00,CNOR,136.8
2025-06-05 12:00,CNOR,136.1
2025-06-05 13:00,CNOR,132.31
2025-06-05 14:00,CNOR,129.28
2025-06-05 15:00,CNOR,123.84
2025-06-05 16:00,CNOR,122.21
2025-06-05 17:00,CNOR,119.99
2025-06-05 18:00,CNOR,115.94
2025-06-05 19:00,CNOR,112.02
2025-06-05 20:00,CNOR,100.25
2025-06-05 21:00,CNOR,94.86
2025-06-05 22:00,CNOR,80.57
2025-06-05 23:00,CNOR,78.59
2025-06-06 00:00,CNOR,74.69
2025-06-06 01:00,CNOR,85.77
2025-06-06 02:00,CNOR,92.59
2025-06-06 03:00,CNOR,95.02
2025-06-06 04:00,CNOR,88.0
2025-06-06 05:00,CNOR,103.43
2025-06-06 06:00,CNOR,112.69
2025-06-06 07:00,CNOR,111.64
2025-06-06 08:00,CNOR,119.91
2025-06-06 09:00,CNOR,116.65
2025-06-06 10:00,CNOR,129.72
2025-06-06 11:00,CNOR,126.89
2025-06-06 12:00,CNOR,132.8
2025-06-06 13:00,CNOR,124.9
2025-06-06 14:00,CNOR,130.82
2025-06-06 15:00,CNOR,128.78
2025-06-06 16:00,CNOR,116.37
2025-06-06 17:00,CNOR,116.92
2025-06-06 18:00,CNOR,106.38
2025-06-06 19:00,CNOR,107.46
2025-06-06 20:00,CNOR,100.17
2025-06-06 21:00,CNOR,91.12
2025-06-06 22:00,CNOR,87.16
2025-06-06 23:00,CNOR,81.05
2025-06-07 00:00,CNOR,62.7
2025-06-07 01:00,CNOR,65.63
2025-06-07 02:00,CNOR,74.63
2025-06-07 03:00,CNOR,76.73
2025-06-07 04:00,CNOR,78.98
2025-06-07 05:00,CNOR,88.01
2025-06-07 06:00,CNOR,87.36
2025-06-07 07:00,CNOR,98.6
2025-06-07 08:00,CNOR,105.09
2025-06-07 09:00,CNOR,107.8
2025-06-07 10:00,CNOR,115.39
2025-06-07 11:00,CNOR,113.03
2025-06-07 12:00,CNOR,119.04
2025-06-07 13:00,CNOR,118.36
2025-06-07 14:00,CNOR,101.98
2025-06-07 15:00,CNOR,114.44
2025-06-07 16:00,CNOR,92.31
2025-06-07 17:00,CNOR,104.01
2025-06-07 18:00,CNOR,104.1
2025-06-07 19:00,CNOR,92.26
2025-06-07 20:00,CNOR,81.64
2025-06-07 21:00,CNOR,77.95
2025-06-07 22:00,CNOR,74.46
2025-06-07 23:00,CNOR,60.17
2025-06-08 00:00,CNOR,71.52
2025-06-08 01:00,CNOR,67.63
2025-06-08 02:00,CNOR,65.58
2025-06-08 03:00,CNOR,71.99
2025-06-08 04:00,CNOR,75.43
2025-06-08 05:00,CNOR,88.99
2025-06-08 06:00,CNOR,94.93
2025-06-08 07:00,CNOR,91.59
2025-06-08 08:00,CNOR,102.89
2025-06-08 09:00,CNOR,106.22
2025-06-08 10:00,CNOR,118.82
2025-06-08 11:00,CNOR,110.75
2025-06-08 12:00,CNOR,123.42
2025-06-08 13:00,CNOR,116.01
2025-06-08 14:00,CNOR,109.0
2025-06-08 15:00,CNOR,106.97
2025-06-08 16:00,CNOR,101.29
2025-06-08 17:00,CNOR,101.37
2025-06-08 18:00,CNOR,100.38
2025-06-08 19:00,CNOR,88.62
2025-06-08 20:00,CNOR,78.78
2025-06-08 21:00,CNOR,80.8
2025-06-08 22:00,CNOR,63.14
2025-06-08 23:00,CNOR,64.84
2025-06-02 00:00,CSUD,79.36
2025-06-02 01:00,CSUD,80.37
2025-06-02 02:00,CSUD,94.35
2025-06-02 03:00,CSUD,90.55
2025-06-02 04:00,CSUD,96.48
2025-06-02 05:00,CSUD,94.42
2025-06-02 06:00,CSUD,105.38
2025-06-02 07:00,CSUD,115.33
2025-06-02 08:00,CSUD,116.4
2025-06-02 09:00,CSUD,129.31
2025-06-02 10:00,CSUD,124.84
2025-06-02 11:00,CSUD,131.0
2025-06-02 12:00,CSUD,130.66
2025-06-02 13:00,CSUD,132.81
2025-06-02 14:00,CSUD,127.09
2025-06-02 15:00,CSUD,124.59
2025-06-02 16:00,CSUD,119.56
2025-06-02 17:00,CSUD,119.53
2025-06-02 18:00,CSUD,117.94
2025-06-02 19:00,CSUD,110.48
2025-06-02 20:00,CSUD,103.15
2025-06-02 21:00,CSUD,96.6
2025-06-02 22:00,CSUD,89.54
2025-06-02 23:00,CSUD,82.91
2025-06-03 00:00,CSUD,81.77
2025-06-03 01:00,CSUD,84.27
2025-06-03 02:00,CSUD,93.14
2025-06-03 03:00,CSUD,84.96
2025-06-03 04:00,CSUD,98.58
2025-06-03 05:00,CSUD,93.96
2025-06-03 06:00,CSUD,108.87
2025-06-03 07:00,CSUD,120.77
2025-06-03 08:00,CSUD,122.45
2025-06-03 09:00,CSUD,126.36
2025-06-03 10:00,CSUD,127.41
2025-06-03 11:00,CSUD,132.27
2025-06-03 12:00,CSUD,131.99
2025-06-03 13:00,CSUD,129.0
2025-06-03 14:00,CSUD,128.49
2025-06-03 15:00,CSUD,126.47
2025-06-03 16:00,CSUD,117.43
2025-06-03 17:00,CSUD,119.25
2025-06-03 18:00,CSUD,110.56
2025-06-03 19:00,CSUD,111.09
2025-06-03 20:00,CSUD,105.68
2025-06-03 21:00,CSUD,99.25
2025-06-03 22:00,CSUD,90.21
2025-06-03 23:00,CSUD,84.2
2025-06-04 00:00,CSUD,84.57
2025-06-04 01:00,CSUD,85.07
2025-06-04 02:00,CSUD,85.98
2025-06-04 03:00,CSUD,88.2
2025-06-04 04:00,CSUD,104.36
2025-06-04 05:00,CSUD,99.72
2025-06-04 06:00,CSUD,105.34
2025-06-04 07:00,CSUD,116.21
2025-06-04 08:00,CSUD,121.51
2025-06-04 09:00,CSUD,120.06
2025-06-04 10:00,CSUD,134.14
2025-06-04 11:00,CSUD,131.77
2025-06-04 12:00,CSUD,128.56
2025-06-04 13:00,CSUD,136.9
2025-06-04 14:00,CSUD,132.15
2025-06-04 15:00,CSUD,120.62
2025-06-04 16:00,CSUD,127.61
2025-06-04 17:00,CSUD,125.11
2025-06-04 18:00,CSUD,115.96
2025-06-04 19:00,CSUD,115.89
2025-06-04 20:00,CSUD,104.14
2025-06-04 21:00,CSUD,98.21
2025-06-04 22:00,CSUD,83.71
2025-06-04 23:00,CSUD,86.18
2025-06-05 00:00,CSUD,84.91
2025-06-05 01:00,CSUD,83.91
2025-06-05 02:00,CSUD,83.19
2025-06-05 03:00,CSUD,90.84
2025-06-05 04:00,CSUD,95.22
2025-06-05 05:00,CSUD,96.2
2025-06-05 06:00,CSUD,102.11
2025-06-05 07:00,CSUD,116.73
2025-06-05 08:00,CSUD,110.09
2025-06-05 09:00,CSUD,126.5
2025-06-05 10:00,CSUD,127.74
2025-06-05 11:00,CSUD,137.38
2025-06-05 12:00,CSUD,131.03
2025-06-05 13:00,CSUD,134.79
2025-06-05 14:00,CSUD,128.06
2025-06-05 15:00,CSUD,126.13
2025-06-05 16:00,CSUD,123.45
2025-06-05 17:00,CSUD,120.62
2025-06-05 18:00,CSUD,119.99
2025-06-05 19:00,CSUD,105.55
2025-06-05 20:00,CSUD,104.68
2025-06-05 21:00,CSUD,102.01
2025-06-05 22:00,CSUD,88.99
2025-06-05 23:00,CSUD,91.52
2025-06-06 00:00,CSUD,79.95
2025-06-06 01:00,CSUD,78.34
2025-06-06 02:00,CSUD,82.37
2025-06-06 03:00,CSUD,92.96
2025-06-06 04:00,CSUD,97.49
2025-06-06 05:00,CSUD,101.94
2025-06-06 06:00,CSUD,103.51
2025-06-06 07:00,CSUD,117.54
2025-06-06 08:00,CSUD,115.6
2025-06-06 09:00,CSUD,130.31
2025-06-06 10:00,CSUD,141.08
2025-06-06 11:00,CSUD,133.61
2025-06-06 12:00,CSUD,135.33
2025-06-06 13:00,CSUD,130.18
2025-06-06 14:00,CSUD,122.41
2025-06-06 15:00,CSUD,123.27
2025-06-06 16:00,CSUD,116.13
2025-06-06 17:00,CSUD,116.68
2025-06-06 18:00,CSUD,122.89
2025-06-06 19:00,CSUD,110.62
2025-06-06 20:00,CSUD,105.02
2025-06-06 21:00,CSUD,97.09
2025-06-06 22:00,CSUD,85.66
2025-06-06 23:00,CSUD,87.71
2025-06-07 00:00,CSUD,67.87
2025-06-07 01:00,CSUD,70.97
2025-06-07 02:00,CSUD,70.57
2025-06-07 03:00,CSUD,73.95
2025-06-07 04:00,CSUD,74.87
2025-06-07 05:00,CSUD,78.62
2025-06-07 06:00,CSUD,91.95
2025-06-07 07:00,CSUD,99.7
2025-06-07 08:00,CSUD,100.36
2025-06-07 09:00,CSUD,110.54
2025-06-07 10:00,CSUD,114.87
2025-06-07 11:00,CSUD,108.52
2025-06-07 12:00,CSUD,114.34
2025-06-07 13:00,CSUD,118.78
2025-06-07 14:00,CSUD,116.2
2025-06-07 15:00,CSUD,106.06
2025-06-07 16:00,CSUD,106.13
2025-06-07 17:00,CSUD,111.56
2025-06-07 18:00,CSUD,104.11
2025-06-07 19:00,CSUD,94.15
2025-06-07 20:00,CSUD,86.63
2025-06-07 21:00,CSUD,80.8
2025-06-07 22:00,CSUD,73.22
2025-06-07 23:00,CSUD,69.63
2025-06-08 00:00,CSUD,70.52
2025-06-08 01:00,CSUD,69.38
2025-06-08 02:00,CSUD,74.62
2025-06-08 03:00,CSUD,75.7
2025-06-08 04:00,CSUD,83.64
2025-06-08 05:00,CSUD,90.01
2025-06-08 06:00,CSUD,89.78
2025-06-08 07:00,CSUD,92.24
2025-06-08 08:00,CSUD,111.67
2025-06-08 09:00,CSUD,111.7
2025-06-08 10:00,CSUD,107.79
2025-06-08 11:00,CSUD,114.29
2025-06-08 12:00,CSUD,121.09
2025-06-08 13:00,CSUD,116.03
2025-06-08 14:00,CSUD,112.6
2025-06-08 15:00,CSUD,116.28
2025-06-08 16:00,CSUD,101.31
2025-06-08 17:00,CSUD,104.28
2025-06-08 18:00,CSUD,101.85
2025-06-08 19:00,CSUD,96.09
2025-06-08 20:00,CSUD,90.49
2025-06-08 21:00,CSUD,86.97
2025-06-08 22:00,CSUD,72.14
2025-06-08 23:00,CSUD,70.81
2025-06-02 00:00,SUD,74.96
2025-06-02 01:00,SUD,77.1
2025-06-02 02:00,SUD,79.78
2025-06-02 03:00,SUD,84.18
2025-06-02 04:00,SUD,91.59
2025-06-02 05:00,SUD,96.75
2025-06-02 06:00,SUD,101.18
2025-06-02 07:00,SUD,104.23
2025-06-02 08:00,SUD,113.77
2025-06-02 09:00,SUD,118.57
2025-06-02 10:00,SUD,123.42
2025-06-02 11:00,SUD,133.97
2025-06-02 12:00,SUD,123.9
2025-06-02 13:00,SUD,126.84
2025-06-02 14:00,SUD,126.92
2025-06-02 15:00,SUD,119.07
2025-06-02 16:00,SUD,122.85
2025-06-02 17:00,SUD,113.96
2025-06-02 18:00,SUD,110.3
2025-06-02 19:00,SUD,99.33
2025-06-02 20:00,SUD,95.09
2025-06-02 21:00,SUD,92.32
2025-06-02 22:00,SUD,82.73
2025-06-02 23:00,SUD,78.13
2025-06-03 00:00,SUD,81.04
2025-06-03 01:00,SUD,76.47
2025-06-03 02:00,SUD,78.02
2025-06-03 03:00,SUD,94.14
2025-06-03 04:00,SUD,90.08
2025-06-03 05:00,SUD,91.65
2025-06-03 06:00,SUD,98.22
2025-06-03 07:00,SUD,103.7
2025-06-03 08:00,SUD,117.25
2025-06-03 09:00,SUD,117.22
2025-06-03 10:00,SUD,123.16
2025-06-03 11:00,SUD,124.89
2025-06-03 12:00,SUD,128.93
2025-06-03 13:00,SUD,121.76
2025-06-03 14:00,SUD,118.35
2025-06-03 15:00,SUD,119.57
2025-06-03 16:00,SUD,115.9
2025-06-03 17:00,SUD,116.8
2025-06-03 18:00,SUD,105.76
2025-06-03 19:00,SUD,105.24
2025-06-03 20:00,SUD,93.52
2025-06-03 21:00,SUD,89.24
2025-06-03 22:00,SUD,75.57
2025-06-03 23:00,SUD,82.06
2025-06-04 00:00,SUD,78.53
2025-06-04 01:00,SUD,79.27
2025-06-04 02:00,SUD,84.34
2025-06-04 03:00,SUD,94.57
2025-06-04 04:00,SUD,81.66
2025-06-04 05:00,SUD,91.58
2025-06-04 06:00,SUD,98.54
2025-06-04 07:00,SUD,104.07
2025-06-04 08:00,SUD,109.19
2025-06-04 09:00,SUD,117.48
2025-06-04 10:00,SUD,117.78
2025-06-04 11:00,SUD,126.49
2025-06-04 12:00,SUD,126.21
2025-06-04 13:00,SUD,127.07
2025-06-04 14:00,SUD,124.68
2025-06-04 15:00,SUD,121.09
2025-06-04 16:00,SUD,112.01
2025-06-04 17:00,SUD,123.96
2025-06-04 18:00,SUD,109.94
2025-06-04 19:00,SUD,95.08
2025-06-04 20:00,SUD,92.49
2025-06-04 21:00,SUD,84.36
2025-06-04 22:00,SUD,79.42
2025-06-04 23:00,SUD,76.36
2025-06-05 00:00,SUD,74.13
2025-06-05 01:00,SUD,84.9
2025-06-05 02:00,SUD,81.55
2025-06-05 03:00,SUD,86.23
2025-06-05 04:00,SUD,84.78
2025-06-05 05:00,SUD,90.53
2025-06-05 06:00,SUD,101.15
2025-06-05 07:00,SUD,108.16
2025-06-05 08:00,SUD,106.07
2025-06-05 09:00,SUD,117.96
2025-06-05 10:00,SUD,122.71
2025-06-05 11:00,SUD,124.29
2025-06-05 12:00,SUD,122.75
2025-06-05 13:00,SUD,122.99
2025-06-05 14:00,SUD,121.94
2025-06-05 15:00,SUD,119.04
2025-06-05 16:00,SUD,115.92
2025-06-05 17:00,SUD,119.79
2025-06-05 18:00,SUD,107.82
2025-06-05 19:00,SUD,100.7
2025-06-05 20:00,SUD,98.25
2025-06-05 21:00,SUD,93.77
2025-06-05 22:00,SUD,77.61
2025-06-05 23:00,SUD,80.01
2025-06-06 00:00,SUD,79.92
2025-06-06 01:00,SUD,82.02
2025-06-06 02:00,SUD,86.46
2025-06-06 03:00,SUD,79.86
2025-06-06 04:00,SUD,88.56
2025-06-06 05:00,SUD,94.57
2025-06-06 06:00,SUD,100.61
2025-06-06 07:00,SUD,104.87
2025-06-06 08:00,SUD,107.56
2025-06-06 09:00,SUD,119.05
2025-06-06 10:00,SUD,119.58
2025-06-06 11:00,SUD,125.49
2025-06-06 12:00,SUD,122.82
2025-06-06 13:00,SUD,120.75
2025-06-06 14:00,SUD,123.59
2025-06-06 15:00,SUD,119.28
2025-06-06 16:00,SUD,115.82
2025-06-06 17:00,SUD,124.21
2025-06-06 18:00,SUD,110.11
2025-06-06 19:00,SUD,104.47
2025-06-06 20:00,SUD,92.19
2025-06-06 21:00,SUD,86.17
2025-06-06 22:00,SUD,85.68
2025-06-06 23:00,SUD,73.16
2025-06-07 00:00,SUD,56.82
2025-06-07 01:00,SUD,61.7
2025-06-07 02:00,SUD,63.99
2025-06-07 03:00,SUD,64.71
2025-06-07 04:00,SUD,72.28
2025-06-07 05:00,SUD,84.45
2025-06-07 06:00,SUD,82.78
2025-06-07 07:00,SUD,86.9
2025-06-07 08:00,SUD,102.27
2025-06-07 09:00,SUD,105.65
2025-06-07 10:00,SUD,105.17
2025-06-07 11:00,SUD,103.82
2025-06-07 12:00,SUD,108.02
2025-06-07 13:00,SUD,109.93
2025-06-07 14:00,SUD,112.31
2025-06-07 15:00,SUD,99.53
2025-06-07 16:00,SUD,98.16
2025-06-07 17:00,SUD,103.17
2025-06-07 18:00,SUD,84.47
2025-06-07 19:00,SUD,91.66
2025-06-07 20:00,SUD,76.77
2025-06-07 21:00,SUD,77.65
2025-06-07 22:00,SUD,65.34
2025-06-07 23:00,SUD,66.19
2025-06-08 00:00,SUD,63.2
2025-06-08 01:00,SUD,52.34
2025-06-08 02:00,SUD,61.21
2025-06-08 03:00,SUD,68.88
2025-06-08 04:00,SUD,72.72
2025-06-08 05:00,SUD,81.44
2025-06-08 06:00,SUD,89.16
2025-06-08 07:00,SUD,94.9
2025-06-08 08:00,SUD,97.64
2025-06-08 09:00,SUD,96.29
2025-06-08 10:00,SUD,105.83
2025-06-08 11:00,SUD,111.81
2025-06-08 12:00,SUD,106.64
2025-06-08 13:00,SUD,112.67
2025-06-08 14:00,SUD,111.28
2025-06-08 15:00,SUD,104.19
2025-06-08 16:00,SUD,86.24
2025-06-08 17:00,SUD,95.36
2025-06-08 18:00,SUD,101.54
2025-06-08 19:00,SUD,85.34
2025-06-08 20:00,SUD,73.56
2025-06-08 21:00,SUD,81.26
2025-06-08 22:00,SUD,64.4
2025-06-08 23:00,SUD,66.27
2025-06-02 00:00,SICI,93.11
2025-06-02 01:00,SICI,94.69
2025-06-02 02:00,SICI,96.8
2025-06-02 03:00,SICI,102.11
2025-06-02 04:00,SICI,113.61
2025-06-02 05:00,SICI,114.41
2025-06-02 06:00,SICI,110.68
2025-06-02 07:00,SICI,125.26
2025-06-02 08:00,SICI,134.07
2025-06-02 09:00,SICI,139.49
2025-06-02 10:00,SICI,136.94
2025-06-02 11:00,SICI,145.81
2025-06-02 12:00,SICI,145.71
2025-06-02 13:00,SICI,151.44
2025-06-02 14:00,SICI,135.65
2025-06-02 15:00,SICI,132.65
2025-06-02 16:00,SICI,128.28
2025-06-02 17:00,SICI,129.51
2025-06-02 18:00,SICI,121.44
2025-06-02 19:00,SICI,107.48
2025-06-02 20:00,SICI,110.76
2025-06-02 21:00,SICI,108.8
2025-06-02 22:00,SICI,93.38
2025-06-02 23:00,SICI,100.59
2025-06-03 00:00,SICI,92.05
2025-06-03 01:00,SICI,98.02
2025-06-03 02:00,SICI,96.4
2025-06-03 03:00,SICI,102.63
2025-06-03 04:00,SICI,105.62
2025-06-03 05:00,SICI,116.0
2025-06-03 06:00,SICI,117.22
2025-06-03 07:00,SICI,125.45
2025-06-03 08:00,SICI,130.97
2025-06-03 09:00,SICI,133.52
2025-06-03 10:00,SICI,140.27
2025-06-03 11:00,SICI,150.09
2025-06-03 12:00,SICI,140.92
2025-06-03 13:00,SICI,142.83
2025-06-03 14:00,SICI,143.68
2025-06-03 15:00,SICI,139.24
2025-06-03 16:00,SICI,129.55
2025-06-03 17:00,SICI,121.94
2025-06-03 18:00,SICI,127.07
2025-06-03 19:00,SICI,109.65
2025-06-03 20:00,SICI,118.38
2025-06-03 21:00,SICI,108.0
2025-06-03 22:00,SICI,99.35
2025-06-03 23:00,SICI,89.24
2025-06-04 00:00,SICI,85.79
2025-06-04 01:00,SICI,93.89
2025-06-04 02:00,SICI,95.21
2025-06-04 03:00,SICI,97.36
2025-06-04 04:00,SICI,104.84
2025-06-04 05:00,SICI,121.6
2025-06-04 06:00,SICI,120.34
2025-06-04 07:00,SICI,127.67
2025-06-04 08:00,SICI,132.88
2025-06-04 09:00,SICI,140.6
2025-06-04 10:00,SICI,137.89
2025-06-04 11:00,SICI,132.93
2025-06-04 12:00,SICI,141.25
2025-06-04 13:00,SICI,144.4
2025-06-04 14:00,SICI,134.77
2025-06-04 15:00,SICI,133.97
2025-06-04 16:00,SICI,126.73
2025-06-04 17:00,SICI,137.48
2025-06-04 18:00,SICI,128.0
2025-06-04 19:00,SICI,121.14
2025-06-04 20:00,SICI,114.99
2025-06-04 21:00,SICI,107.17
2025-06-04 22:00,SICI,96.14
2025-06-04 23:00,SICI,88.11
2025-06-05 00:00,SICI,83.25
2025-06-05 01:00,SICI,93.45
2025-06-05 02:00,SICI,96.65
2025-06-05 03:00,SICI,104.16
2025-06-05 04:00,SICI,110.79
2025-06-05 05:00,SICI,116.81
2025-06-05 06:00,SICI,113.01
2025-06-05 07:00,SICI,122.06
2025-06-05 08:00,SICI,131.42
2025-06-05 09:00,SICI,144.81
2025-06-05 10:00,SICI,144.57
2025-06-05 11:00,SICI,145.63
2025-06-05 12:00,SICI,140.45
2025-06-05 13:00,SICI,137.62
2025-06-05 14:00,SICI,141.81
2025-06-05 15:00,SICI,130.28
2025-06-05 16:00,SICI,128.55
2025-06-05 17:00,SICI,131.01
2025-06-05 18:00,SICI,131.37
2025-06-05 19:00,SICI,117.11
2025-06-05 20:00,SICI,102.74
2025-06-05 21:00,SICI,109.34
2025-06-05 22:00,SICI,92.55
2025-06-05 23:00,SICI,93.02
2025-06-06 00:00,SICI,91.65
2025-06-06 01:00,SICI,91.76
2025-06-06 02:00,SICI,98.51
2025-06-06 03:00,SICI,93.19
2025-06-06 04:00,SICI,102.43
2025-06-06 05:00,SICI,113.27
2025-06-06 06:00,SICI,114.54
2025-06-06 07:00,SICI,117.04
2025-06-06 08:00,SICI,132.17
2025-06-06 09:00,SICI,139.17
2025-06-06 10:00,SICI,138.47
2025-06-06 11:00,SICI,133.3
2025-06-06 12:00,SICI,144.82
2025-06-06 13:00,SICI,134.51
2025-06-06 14:00,SICI,139.89
2025-06-06 15:00,SICI,131.13
2025-06-06 16:00,SICI,124.86
2025-06-06 17:00,SICI,129.7
2025-06-06 18:00,SICI,124.27
2025-06-06 19:00,SICI,115.95
2025-06-06 20:00,SICI,114.85
2025-06-06 21:00,SICI,105.54
2025-06-06 22:00,SICI,99.27
2025-06-06 23:00,SICI,93.98
2025-06-07 00:00,SICI,74.21
2025-06-07 01:00,SICI,74.39
2025-06-07 02:00,SICI,73.76
2025-06-07 03:00,SICI,85.49
2025-06-07 04:00,SICI,88.08
2025-06-07 05:00,SICI,86.04
2025-06-07 06:00,SICI,99.86
2025-06-07 07:00,SICI,104.87
2025-06-07 08:00,SICI,120.8
2025-06-07 09:00,SICI,112.87
2025-06-07 10:00,SICI,117.89
2025-06-07 11:00,SICI,130.59
2025-06-07 12:00,SICI,132.43
2025-06-07 13:00,SICI,123.17
2025-06-07 14:00,SICI,121.12
2025-06-07 15:00,SICI,122.14
2025-06-07 16:00,SICI,105.19
2025-06-07 17:00,SICI,109.03
2025-06-07 18:00,SICI,108.88
2025-06-07 19:00,SICI,109.73
2025-06-07 20:00,SICI,95.76
2025-06-07 21:00,SICI,92.73
2025-06-07 22:00,SICI,84.88
2025-06-07 23:00,SICI,86.28
2025-06-08 00:00,SICI,74.69
2025-06-08 01:00,SICI,77.78
2025-06-08 02:00,SICI,87.64
2025-06-08 03:00,SICI,78.23
2025-06-08 04:00,SICI,93.61
2025-06-08 05:00,SICI,91.46
2025-06-08 06:00,SICI,102.41
2025-06-08 07:00,SICI,107.5
2025-06-08 08:00,SICI,110.67
2025-06-08 09:00,SICI,115.75
2025-06-08 10:00,SICI,124.76
2025-06-08 11:00,SICI,130.13
2025-06-08 12:00,SICI,126.48
2025-06-08 13:00,SICI,126.43
2025-06-08 14:00,SICI,125.94
2025-06-08 15:00,SICI,115.79
2025-06-08 16:00,SICI,117.46
2025-06-08 17:00,SICI,119.75
2025-06-08 18:00,SICI,120.41
2025-06-08 19:00,SICI,102.03
2025-06-08 20:00,SICI,95.67
2025-06-08 21:00,SICI,95.4
2025-06-08 22:00,SICI,83.63
2025-06-08 23:00,SICI,75.71
2025-06-02 00:00,SARD,84.39
2025-06-02 01:00,SARD,89.02
2025-06-02 02:00,SARD,86.04
2025-06-02 03:00,SARD,91.68
2025-06-02 04:00,SARD,98.86
2025-06-02 05:00,SARD,108.51
2025-06-02 06:00,SARD,108.58
2025-06-02 07:00,SARD,110.1
2025-06-02 08:00,SARD,115.83
2025-06-02 09:00,SARD,123.64
2025-06-02 10:00,SARD,127.4
2025-06-02 11:00,SARD,134.53
2025-06-02 12:00,SARD,131.24
2025-06-02 13:00,SARD,132.34
2025-06-02 14:00,SARD,129.55
2025-06-02 15:00,SARD,126.92
2025-06-02 16:00,SARD,128.79
2025-06-02 17:00,SARD,128.12
2025-06-02 18:00,SARD,119.06
2025-06-02 19:00,SARD,110.69
2025-06-02 20:00,SARD,104.77
2025-06-02 21:00,SARD,102.63
2025-06-02 22:00,SARD,91.69
2025-06-02 23:00,SARD,83.22
2025-06-03 00:00,SARD,86.15
2025-06-03 01:00,SARD,78.73
2025-06-03 02:00,SARD,90.2
2025-06-03 03:00,SARD,96.37
2025-06-03 04:00,SARD,97.38
2025-06-03 05:00,SARD,111.8
2025-06-03 06:00,SARD,107.48
2025-06-03 07:00,SARD,118.34
2025-06-03 08:00,SARD,123.36
2025-06-03 09:00,SARD,128.28
2025-06-03 10:00,SARD,132.19
2025-06-03 11:00,SARD,135.58
2025-06-03 12:00,SARD,139.39
2025-06-03 13:00,SARD,140.66
2025-06-03 14:00,SARD,132.64
2025-06-03 15:00,SARD,131.94
2025-06-03 16:00,SARD,120.69
2025-06-03 17:00,SARD,128.53
2025-06-03 18:00,SARD,115.95
2025-06-03 19:00,SARD,116.89
2025-06-03 20:00,SARD,115.34
2025-06-03 21:00,SARD,100.83
2025-06-03 22:00,SARD,80.58
2025-06-03 23:00,SARD,84.66
2025-06-04 00:00,SARD,90.93
2025-06-04 01:00,SARD,89.06
2025-06-04 02:00,SARD,90.35
2025-06-04 03:00,SARD,97.36
2025-06-04 04:00,SARD,100.44
2025-06-04 05:00,SARD,109.4
2025-06-04 06:00,SARD,114.68
2025-06-04 07:00,SARD,123.56
2025-06-04 08:00,SARD,124.94
2025-06-04 09:00,SARD,132.3
2025-06-04 10:00,SARD,131.42
2025-06-04 11:00,SARD,132.74
2025-06-04 12:00,SARD,142.83
2025-06-04 13:00,SARD,136.01
2025-06-04 14:00,SARD,135.87
2025-06-04 15:00,SARD,129.17
2025-06-04 16:00,SARD,121.15
2025-06-04 17:00,SARD,125.51
2025-06-04 18:00,SARD,124.74
2025-06-04 19:00,SARD,114.75
2025-06-04 20:00,SARD,99.65
2025-06-04 21:00,SARD,100.46
2025-06-04 22:00,SARD,96.48
2025-06-04 23:00,SARD,86.0
2025-06-05 00:00,SARD,78.8
2025-06-05 01:00,SARD,94.42
2025-06-05 02:00,SARD,92.08
2025-06-05 03:00,SARD,93.04
2025-06-05 04:00,SARD,97.01
2025-06-05 05:00,SARD,108.86
2025-06-05 06:00,SARD,108.83
2025-06-05 07:00,SARD,122.06
2025-06-05 08:00,SARD,125.67
2025-06-05 09:00,SARD,129.66
2025-06-05 10:00,SARD,133.23
2025-06-05 11:00,SARD,134.45
2025-06-05 12:00,SARD,140.18
2025-06-05 13:00,SARD,131.69
2025-06-05 14:00,SARD,126.16
2025-06-05 15:00,SARD,131.14
2025-06-05 16:00,SARD,126.02
2025-06-05 17:00,SARD,127.39
2025-06-05 18:00,SARD,120.63
2025-06-05 19:00,SARD,111.25
2025-06-05 20:00,SARD,109.65
2025-06-05 21:00,SARD,101.14
2025-06-05 22:00,SARD,87.4
2025-06-05 23:00,SARD,85.6
2025-06-06 00:00,SARD,94.08
2025-06-06 01:00,SARD,79.91
2025-06-06 02:00,SARD,91.35
2025-06-06 03:00,SARD,86.61
2025-06-06 04:00,SARD,98.07
2025-06-06 05:00,SARD,102.8
2025-06-06 06:00,SARD,102.66
2025-06-06 07:00,SARD,119.03
2025-06-06 08:00,SARD,121.98
2025-06-06 09:00,SARD,120.28
2025-06-06 10:00,SARD,136.01
2025-06-06 11:00,SARD,140.89
2025-06-06 12:00,SARD,141.96
2025-06-06 13:00,SARD,136.58
2025-06-06 14:00,SARD,132.83
2025-06-06 15:00,SARD,133.99
2025-06-06 16:00,SARD,130.23
2025-06-06 17:00,SARD,130.0
2025-06-06 18:00,SARD,115.23
2025-06-06 19:00,SARD,113.33
2025-06-06 20:00,SARD,108.26
2025-06-06 21:00,SARD,94.08
2025-06-06 22:00,SARD,91.23
2025-06-06 23:00,SARD,95.94
2025-06-07 00:00,SARD,73.56
2025-06-07 01:00,SARD,77.75
2025-06-07 02:00,SARD,75.08
2025-06-07 03:00,SARD,78.03
2025-06-07 04:00,SARD,85.03
2025-06-07 05:00,SARD,86.27
2025-06-07 06:00,SARD,92.14
2025-06-07 07:00,SARD,107.54
2025-06-07 08:00,SARD,113.99
2025-06-07 09:00,SARD,109.71
2025-06-07 10:00,SARD,121.52
2025-06-07 11:00,SARD,119.8
2025-06-07 12:00,SARD,122.36
2025-06-07 13:00,SARD,121.99
2025-06-07 14:00,SARD,121.63
2025-06-07 15:00,SARD,114.01
2025-06-07 16:00,SARD,114.14
2025-06-07 17:00,SARD,111.71
2025-06-07 18:00,SARD,106.5
2025-06-07 19:00,SARD,94.2
2025-06-07 20:00,SARD,100.13
2025-06-07 21:00,SARD,88.2
2025-06-07 22:00,SARD,77.2
2025-06-07 23:00,SARD,65.42
2025-06-08 00:00,SARD,67.71
2025-06-08 01:00,SARD,76.8
2025-06-08 02:00,SARD,75.5
2025-06-08 03:00,SARD,70.67
2025-06-08 04:00,SARD,87.65
2025-06-08 05:00,SARD,87.35
2025-06-08 06:00,SARD,101.65
2025-06-08 07:00,SARD,102.12
2025-06-08 08:00,SARD,109.32
2025-06-08 09:00,SARD,118.39
2025-06-08 10:00,SARD,114.06
2025-06-08 11:00,SARD,116.18
2025-06-08 12:00,SARD,120.21
2025-06-08 13:00,SARD,123.46
2025-06-08 14:00,SARD,112.33
2025-06-08 15:00,SARD,107.01
2025-06-08 16:00,SARD,111.79
2025-06-08 17:00,SARD,108.06
2025-06-08 18:00,SARD,102.43
2025-06-08 19:00,SARD,90.1
2025-06-08 20:00,SARD,88.78
2025-06-08 21:00,SARD,86.29
2025-06-08 22:00,SARD,78.07
2025-06-08 23:00,SARD,68.77
