pod;data;kwh
IT001E31045201;01/03/2025;36,2
IT001E31045201;02/03/2025;41,3
IT001E31045201;03/03/2025;60,7
IT001E31045201;04/03/2025;65,7
IT001E31045201;05/03/2025;74,3
IT001E31045201;06/03/2025;63,1
IT001E31045201;07/03/2025;72,8
IT001E31045201;08/03/2025;45,0
IT001E31045201;09/03/2025;43,7
IT001E31045201;10/03/2025;58,9
IT001E31045201;11/03/2025;71,7
IT001E31045201;12/03/2025;56,3
IT001E31045201;13/03/2025;63,4
IT001E31045201;14/03/2025;72,7
IT001E31045201;15/03/2025;41,5
IT001E31045201;16/03/2025;39,7
IT001E31045201;17/03/2025;63,3
IT001E31045201;18/03/2025;71,6
IT001E31045201;19/03/2025;69,6
IT001E31045201;20/03/2025;64,8
IT001E31045201;21/03/2025;73,2
IT001E31045201;22/03/2025;36,1
IT001E31045201;23/03/2025;35,4
IT001E31045201;24/03/2025;68,3
IT001E31045201;25/03/2025;74,7
IT001E31045201;26/03/2025;60,5
IT001E31045201;27/03/2025;60,5
IT001E31045201;28/03/2025;58,4
IT001E31045201;29/03/2025;43,5
IT001E31045201;30/03/2025;36,1
IT001E31045201;31/03/2025;65,5
IT001E31045877;01/03/2025;23,1
IT001E31045877;02/03/2025;17,2
IT001E31045877;03/03/2025;34,1
IT001E31045877;04/03/2025;33,7
IT001E31045877;05/03/2025;36,6
IT001E31045877;06/03/2025;32,1
IT001E31045877;07/03/2025;32,6
IT001E31045877;08/03/2025;18,1
IT001E31045877;09/03/2025;21,6
IT001E31045877;10/03/2025;36,4
IT001E31045877;11/03/2025;29,9
IT001E31045877;12/03/2025;32,5
IT001E31045877;13/03/2025;37,5
IT001E31045877;14/03/2025;28,5
IT001E31045877;15/03/2025;18,9
IT001E31045877;16/03/2025;20,5
IT001E31045877;17/03/2025;31,9
IT001E31045877;18/03/2025;31,2
IT001E31045877;19/03/2025;33,1
IT001E31045877;20/03/2025;30,3
IT001E31045877;21/03/2025;33,8
IT001E31045877;22/03/2025;21,4
IT001E31045877;23/03/2025;20,6
IT001E31045877;24/03/2025;29,4
IT001E31045877;25/03/2025;37,0
IT001E31045877;26/03/2025;30,3
IT001E31045877;27/03/2025;36,2
IT001E31045877;28/03/2025;32,1
IT001E31045877;29/03/2025;21,8
IT001E31045877;30/03/2025;18,3
IT001E31045877;31/03/2025;30,4
IT001E31046310;01/03/2025;16,2
IT001E31046310;02/03/2025;13,9
IT001E31046310;03/03/2025;24,8
IT001E31046310;04/03/2025;28,8
IT001E31046310;05/03/2025;29,7
IT001E31046310;06/03/2025;23,6
IT001E31046310;07/03/2025;30,1
IT001E31046310;08/03/2025;17,7
IT001E31046310;09/03/2025;18,0
IT001E31046310;10/03/2025;28,6
IT001E31046310;11/03/2025;28,4
IT001E31046310;12/03/2025;27,2
IT001E31046310;13/03/2025;28,2
IT001E31046310;14/03/2025;30,4
IT001E31046310;15/03/2025;14,3
IT001E31046310;16/03/2025;15,3
IT001E31046310;17/03/2025;23,5
IT001E31046310;18/03/2025;30,6
IT001E31046310;19/03/2025;26,6
IT001E31046310;20/03/2025;28,4
IT001E31046310;21/03/2025;29,8
IT001E31046310;22/03/2025;18,6
IT001E31046310;23/03/2025;14,6
IT001E31046310;24/03/2025;29,4
IT001E31046310;25/03/2025;30,1
IT001E31046310;26/03/2025;23,4
IT001E31046310;27/03/2025;29,1
IT001E31046310;28/03/2025;25,8
IT001E31046310;29/03/2025;16,9
IT001E31046310;30/03/2025;16,3
IT001E31046310;31/03/2025;25,1
IT001E31047092;01/03/2025;74,3
IT001E31047092;02/03/2025;73,8
IT001E31047092;03/03/2025;122,5
IT001E31047092;04/03/2025;144,8
IT001E31047092;05/03/2025;132,8
IT001E31047092;06/03/2025;127,2
IT001E31047092;07/03/2025;147,0
IT001E31047092;08/03/2025;88,1
IT001E31047092;09/03/2025;84,4
IT001E31047092;10/03/2025;157,2
IT001E31047092;11/03/2025;134,2
IT001E31047092;12/03/2025;1530,3
IT001E31047092;13/03/2025;121,3
IT001E31047092;14/03/2025;149,0
IT001E31047092;15/03/2025;95,6
IT001E31047092;16/03/2025;92,1
IT001E31047092;17/03/2025;142,3
IT001E31047092;18/03/2025;144,3
IT001E31047092;19/03/2025;132,9
IT001E31047092;20/03/2025;146,5
IT001E31047092;21/03/2025;150,3
IT001E31047092;22/03/2025;95,9
IT001E31047092;23/03/2025;83,2
IT001E31047092;24/03/2025;120,7
IT001E31047092;25/03/2025;143,0
IT001E31047092;26/03/2025;123,1
IT001E31047092;27/03/2025;128,4
IT001E31047092;28/03/2025;131,9
IT001E31047092;29/03/2025;89,2
IT001E31047092;30/03/2025;75,5
IT001E31047092;31/03/2025;125,1
IT001E31047555;01/03/2025;9,0
IT001E31047555;02/03/2025;11,5
IT001E31047555;03/03/2025;18,3
IT001E31047555;04/03/2025;14,9
IT001E31047555;05/03/2025;14,9
IT001E31047555;06/03/2025;17,6
IT001E31047555;07/03/2025;16,2
IT001E31047555;08/03/2025;10,7
IT001E31047555;09/03/2025;10,2
IT001E31047555;10/03/2025;19,5
IT001E31047555;11/03/2025;16,2
IT001E31047555;12/03/2025;18,2
IT001E31047555;13/03/2025;15,0
IT001E31047555;14/03/2025;19,7
IT001E31047555;15/03/2025;11,9
IT001E31047555;16/03/2025;11,1
IT001E31047555;17/03/2025;17,1
IT001E31047555;18/03/2025;15,8
IT001E31047555;19/03/2025;18,9
IT001E31047555;20/03/2025;18,5
IT001E31047555;21/03/2025;15,9
IT001E31047555;22/03/2025;10,2
IT001E31047555;23/03/2025;10,3
IT001E31047555;24/03/2025;19,0
IT001E31047555;25/03/2025;18,3
IT001E31047555;26/03/2025;18,0
IT001E31047555;27/03/2025;18,1
IT001E31047555;28/03/2025;16,1
IT001E31047555;29/03/2025;10,0
IT001E31047555;30/03/2025;9,0
IT001E31047555;31/03/2025;18,8
IT001E31048128;01/03/2025;116,3
IT001E31048128;02/03/2025;116,5
IT001E31048128;03/03/2025;182,7
IT001E31048128;04/03/2025;180,6
IT001E31048128;05/03/2025;203,0
IT001E31048128;06/03/2025;182,0
IT001E31048128;07/03/2025;172,0
IT001E31048128;08/03/2025;128,2
IT001E31048128;09/03/2025;114,3
IT001E31048128;10/03/2025;190,7
IT001E31048128;11/03/2025;193,8
IT001E31048128;12/03/2025;216,5
IT001E31048128;13/03/2025;187,2
IT001E31048128;14/03/2025;213,1
IT001E31048128;15/03/2025;134,4
IT001E31048128;16/03/2025;124,4
IT001E31048128;17/03/2025;193,8
IT001E31048128;18/03/2025;212,5
IT001E31048128;19/03/2025;195,3
IT001E31048128;20/03/2025;192,8
IT001E31048128;21/03/2025;199,3
IT001E31048128;22/03/2025;112,2
IT001E31048128;23/03/2025;104,6
IT001E31048128;24/03/2025;192,8
IT001E31048128;25/03/2025;175,5
IT001E31048128;26/03/2025;192,5
IT001E31048128;27/03/2025;201,2
IT001E31048128;28/03/2025;223,4
IT001E31048128;29/03/2025;102,2
IT001E31048128;30/03/2025;123,0
IT001E31048128;31/03/2025;195,3
IT001E31048743;01/03/2025;24,8
IT001E31048743;02/03/2025;26,7
IT001E31048743;03/03/2025;42,7
IT001E31048743;04/03/2025;44,1
IT001E31048743;05/03/2025;44,9
IT001E31048743;06/03/2025;46,8
IT001E31048743;07/03/2025;48,6
IT001E31048743;08/03/2025;24,6
IT001E31048743;09/03/2025;26,0
IT001E31048743;10/03/2025;42,3
IT001E31048743;11/03/2025;48,9
IT001E31048743;12/03/2025;45,7
IT001E31048743;13/03/2025;48,9
IT001E31048743;14/03/2025;44,2
IT001E31048743;15/03/2025;24,8
IT001E31048743;16/03/2025;32,7
IT001E31048743;17/03/2025;42,5
IT001E31048743;18/03/2025;42,8
IT001E31048743;19/03/2025;43,1
IT001E31048743;20/03/2025;55,2
IT001E31048743;21/03/2025;49,9
IT001E31048743;22/03/2025;29,9
IT001E31048743;23/03/2025;33,1
IT001E31048743;24/03/2025;42,2
IT001E31048743;25/03/2025;55,1
IT001E31048743;26/03/2025;43,9
IT001E31048743;27/03/2025;50,0
IT001E31048743;28/03/2025;47,0
IT001E31048743;29/03/2025;27,9
IT001E31048743;30/03/2025;32,7
IT001E31048743;31/03/2025;43,1
IT001E31049306;01/03/2025;89,9
IT001E31049306;02/03/2025;75,4
IT001E31049306;03/03/2025;136,3
IT001E31049306;04/03/2025;148,7
IT001E31049306;05/03/2025;113,1
IT001E31049306;06/03/2025;147,0
IT001E31049306;07/03/2025;133,1
IT001E31049306;08/03/2025;83,1
IT001E31049306;09/03/2025;70,0
IT001E31049306;10/03/2025;131,7
IT001E31049306;11/03/2025;137,2
IT001E31049306;12/03/2025;128,7
IT001E31049306;13/03/2025;116,9
IT001E31049306;14/03/2025;120,4
IT001E31049306;15/03/2025;86,6
IT001E31049306;16/03/2025;67,3
IT001E31049306;17/03/2025;138,6
IT001E31049306;18/03/2025;150,0
IT001E31049306;19/03/2025;111,2
IT001E31049306;20/03/2025;117,2
IT001E31049306;21/03/2025;137,3
IT001E31049306;22/03/2025;67,9
IT001E31049306;23/03/2025;80,4
IT001E31049306;24/03/2025;137,6
IT001E31049306;25/03/2025;133,9
IT001E31049306;26/03/2025;125,2
IT001E31049306;27/03/2025;138,2
IT001E31049306;28/03/2025;134,1
IT001E31049306;29/03/2025;71,4
IT001E31049306;30/03/2025;79,7
IT001E31049306;31/03/2025;145,4
